0,(재)강원정보문화진흥원,16044.0,34,136,전기시설+상하수도시설+화장실+샤워실,0
1,(주)데일리랜드,2999.0,14,56,전기시설+상하수도시설+화장실+샤워실,0
2,(주)양촌여울체험캠프,13974.0,14,50,전기시설+하수도시설+샤워실+개수대+물놀이놀이터+다목적구장+잔디광장+매점+피자+쿠키체험,0
3,(주)양촌여울체험캠프,13974.0,14,50,전기시설+하수도시설+샤워실+개수대+물놀이놀이터+다목적구장+잔디광장+매점+피자+쿠키체험,0
4,353캠핑,,58,232,"화장실, 샤워실, 매점",0
5,f1오토캠핑장,10000.0,40,160,"화장실, 취사시설, 샤워장",0
6,VIP오토캠핑장,,14,100,"전기시설,샤워실,개수대,매점",0
7,VIP오토캠핑장,2552.0,15,60,화장실+게수대+샤워실,0
8,가래골농원 캠핑장,,66,264,"화장실, 샤워실, 매점",0
9,가야권역 소리마실 영농조합법인,5900.0,42,100,전기시설+상하수도시설,0
10,가포수변오토캠핑장,26193.0,30,120,전기시설+상하수도시설+샤워실+놀이마당+다목적운동장+바닥분수+매점,0
11,가포수변오토캠핑장,26193.0,30,120,전기시설+상하수도시설+샤워실+놀이마당+다목적운동장+바닥분수+매점,0
12,갈천오토캠핑장,8874.0,100,300,화장실1+샤워실2,0
13,강릉경포카라반파크,968.0,16,64,전기시설+상하수도시설,0
14,거창 국민여가캠핑장,9960.0,14,56,"전기시설, 상하수도시설,샤워실",0
15,검디 관광농원 야영장,14087.0,32,96,상수도+전기시설+화장실,0
16,경포대오토캠핑장,1532.0,16,64,전기시설+상하수도시설,0
17,계룡산동학사자동차야영장,4585.0,22,88,화장실+취사장+샤워장,0
18,계방산 오토캠핑장,,58,400,"계절매점,샤워실",0
19,고산무궁화오토캠핑장,64300.0,81,400,상하수도시설+전기시설+방문자센터+주차장+취사장+공동화장실+샤워실+카라반 등,0
20,고성 다이노 캠핑장,4953.0,34,136,"화장실, 샤워실, 취사장",0
21,고성 장좌리 캠핑장,4101.0,24,96,"화장실, 샤워실, 취사장",0
22,고성다이노캠핑장,4953.0,34,136,"화장실, 샤워실, 취사장",0
23,고성패밀리캠핑장,9841.0,31,124,"화장실, 샤워실, 취사장",0
24,고성패밀리캠핑장,9841.0,31,124,"화장실, 샤워실, 취사장",0
25,고운힐링팜,,3,130,전기시설+상하수도시설,0
26,고인돌 오토캠핑장,7072.0,10,20,화장실+취사시설+,0
27,고창오토캠핑리조트,18383.0,50,150,"전기, 화장실, 취사시설",0
28,곤충나라 사과테마파크 오토캠핑장,7059.0,20,80,전기시설+상하수도시설+화장실+샤워실,0
29,공작산계곡 오토캠핑장,4447.0,10,40,화장실+취사시설+,0
30,광주시민의숲 야영장,9000.0,19,205,전기시설+상하수도시설+샤워실+취사장,0
31,광주패밀리랜드 카라반캠핑장,8222.5,1,130,전기시설+상하수도시설+취사장+카라반,0
32,괴강국민여가캠팽장,16885.0,57,200,매점+샤워실+음수대,0
33,구룡자동차야영장,5500.0,68,272,화장실+취사장+샤워장,0
34,구리 토평 가족캠핑장,4882.0,29,194,화장실+샤워실+식기세척장+전기시설,0
35,구만동 오토캠핑장,1000.0,7,0,전기시설+상하수도시설+샤워실,0
36,구산오토캠핑장,28886.0,15,100,"상하수도,전기,화장실,취사시설,샤워실",0
37,구천계곡야영장,,22,88,"화장실,샤워실,매점,개수대",0
38,구천계곡야영장,3990.0,22,88,화장실+게수대+샤워실,0
39,국립미천골자연휴양림,10706.0,84,420,화장실2+샤워실1,0
40,국립유명산자연휴양림,3783.0,20,80,전기시설+상하수도시설+샤워실+화장실,0
41,궁농오토캠핑장,6616.0,28,110,"화장실, 개수대, 샤워실",0
42,그루터기 캠핑장,2487.0,25,100,화장실1+샤워실1,0
43,금대에코힐링캠핑장,22100.0,50,200,화장실+취사장+샤워장,0
44,금방아 민박 캠핑장,2262.0,30,120,"화장실, 샤워실, 개수대",0
45,금산국민여가캠핑장,7122.0,25,100,카라반+관리실+화장실+정자,0
46,금산국민여가캠핑장,7122.0,25,100,"카라반, 관리실,화장실, 정자 등",0
47,금산인삼골오토캠핑장,166000.0,55,220,관리동+화장실+샤워실+개수대,0
48,금산인삼골오토캠핑장,166000.0,55,220,"관리동, 화장실,샤워실, 개수대 등",0
49,금수문화공원야영장,50592.0,73,365,화장실+샤워실+급수대,0
50,금헌힐링캠핑장,,79,316,"화장실,샤워실,취사장",0
51,김천부항댐 산내들 오토캠핑장,62000.0,52,208,전기시설+상하수도시설+샤워실,0
52,김포한강오토캠핑장,20748.0,95,585,샤워실15,0
53,김포황토테마파크,2515.0,11,55,샤워실3,0
54,김해생림오토캠핑장,38000.0,93,372,"화장실, 샤워실",0
55,깊은골캠핑장,6394.0,42,200,화장실취사장샤워장,0
56,꿈애오토캠핑장,5317.0,28,112,전기시설+상하수도+화장실+샤워장,0
57,나린오토캠핑장,5000.0,1,316,전기시설+상하수도시설+샤워실,0
58,낙동강 레포츠밸리 강변오토캠핑장,,29,105,전기시설+상하수도시설+화장실+샤워실+취사시설,0
59,낙동강 레포츠밸리 구지오토캠핑장,,23,130,전기시설+상하수도시설+화장실+샤워실+취사시설,0
60,낙산해변야영장,4583.0,15,45,화장실1+샤워실1,0
61,남산공원 오토캠핑장,11168.0,44,176,"화장실, 샤워실, 취사장",0
62,남산공원오토캠핑장,11168.0,41,164,"화장실, 샤워실, 취사장",0
63,남원백두대간국민여가캠핑장,24506.0,31,150,샤워장+음수대+화장실,0
64,내원자동차야영장,,53,212,"화장실,샤워실,취사장2",0
65,노동오토캠핑장,5131.0,9,36,샤워시설,0
66,놀터캠핑장,6047.0,21,84,"화장실, 샤워실, 취사장",0
67,놀터캠핑장,,21,84,"화장실, 샤워실, 취사장",0
68,농사체험자동차야영장,,15,60,공동취사장. 화장실. 샤워실 등,0
69,농월정오토캠핑장,,31,124,-,0
70,늘푸른체험학교캠핑장,11460.0,40,1,"상하수도, 전기, 화장실, 취사, 샤워실",0
71,다인카라반,1523.0,3,18,상하수도+전기+화장실+취사실+샤워실,0
72,달궁자동차야영장,28470.0,200,500,취사장+음수대+화장실+집회장+전기시설,0
73,달서별빛캠프 캠핑장,22900.0,49,400,화장실+샤워실+취사장+물놀이장+놀이터,0
74,달콤한 캠핑장,5752.0,40,20,화장실+취사시설+,0
75,당항포관광지 오토캠핑장,34000.0,237,948,"화장실, 샤워실, 취사장",0
76,당항포관광지오토캠핑장,49000.0,318,1272,"화장실, 샤워실, 취사장",0
77,대가야농촌문화체험특구 카라반,310.76,1,60,"화장실, 취사장",0
78,대가야농촌문화체험특구 캠핑장,11177.0,100,500,"관리동, 음식점, 화장실",0
79,대가야역사테마관광지 캠핑장,4617.0,25,150,"화장실, 취사실, 샤워실",0
80,대강오토캠핑장,11268.0,41,164,샤워시설,0
81,대관령솔내음오토캠핑장,13071.0,55,220,전기시설+상하수도시설,0
82,대왕암공원 캠핑장,13000.0,53,318,전기시설+샤워장+세척장+화장실,0
83,대왕암공원 캠핑장,13000.0,53,318,전기시설+샤워장+세척장+화장실,0
84,대장경오토캠핑장,21824.0,46,184,전기시설+상하수도시설+방송시설,0
85,대저생태공원캠핑장,43120.0,75,375,"매점, 파고라, 화장실, 샤워실",0
86,대저캠핑장,50850.0,111,600,"화장실,샤워장,개수장",0
87,대풍바위 오토캠핑장,2935.0,19,90,샤워실+화장실+취사시설,0
88,덕동자동차야영장,7242.0,58,230,음수대+화장실,0
89,덕유대자동차야영장,20400.0,74,296,화장실샤워실,0
90,돌고래하우스,,4,16,관리동(주택),0
91,동강리오토캠핑장,,42,210,족구장,0
92,동강리오토캠핑장,50000.0,42,168,족구장2+샤워장2+취사실+화장실2,0
93,동해망상오토캠핑리조트,83554.0,59,64,전기시설+상하수도시설+샤워실+화장실,0
94,등억알프스야영장,41248.0,48,400,전기시설+화장실+취사시설+샤워실,0
95,등억알프스야영장,41248.0,48,400,전기시설+화장실+취사시설+샤워실,0
96,로하스가족공원캠핑장,37678.0,40,200,"편의점, 바비큐장, 샤워부스, 개수대",0
97,마레보카라반,330.0,1,8,상하수도+전기+화장실+취사실+샤워실,0
98,마령 큰시내들 캠핑장,7460.0,35,120,화장실2동+샤워장2동+취사장1동,0
99,망상오토캠핑리조트,83554.0,59,64,전기시설+상하수도시설+샤워실+화장실,0
100,망상오토캠핑리조트 제2오토캠핑장,25000.0,17,41,전기시설+상하수도시설+샤워실+화장실,0
101,망상제2오토캠핑장,25000.0,17,41,전기시설+상하수도시설+샤워실+화장실,0
102,매봉힐링쉼터오토캠핑장,5573.0,25,100,화장실+취사장+샤워장,0
103,메이더카라반,2088.0,8,24,상하수도+전기+화장실+취사실+샤워실,0
104,몬테비얀코,,43,172,"화장실, 샤워실, 매점",0
105,몽산포자동차야영장,33016.0,159,600,하수도시설,0
106,몽산포자동차야영장,33016.0,159,600,하수도시설,0
107,묘솔캠핑장,1354.0,10,80,상하수도+전기시설+화장실+취사시설+샤워실 등,0
108,무거카라반,903.0,4,12,상하수도+전기+화장실+취사실+샤워실,0
109,무녀도오토캠핑장,9960.0,36,150,샤워부스+개수대+남자화장실+여자화장실+화로대+전기시설,0
110,무안황토갯벌랜드 오토캠핑장,28394.0,57,228,"상.하수도, 전기, 화장실, 샤워실",0
111,무주계곡오토캠핑장,2963.0,25,88,화장실샤워실,0
112,무창포카라반파크,,9,45,전기시설+화장실+취사시설+샤워실,0
113,무창포카라반파크,3265.0,9,54,상하수도+전기+화장실,0
114,무창포해수욕장 오토캠핑장,,8,40,전기시설+화장실+취사시설+샤워실,0
115,무창포해수욕장오토캠핑장,6509.0,37,150,상하수도+전기+화장실,0
116,물새롬랜드오토캠핑장,15206.0,4,160,전기시설+상하수도시설+샤워실,0
117,미르오토캠핑장,,30,120,"전기시설,샤워실,개수대,화장실,매점,물놀이장",0
118,미르오토캠핑장,5293.0,30,120,화장실+게수대+샤워실,0
119,미르피아오토캠핑장,39610.0,200,800,화장실+게수대+샤워실,0
120,밀양사계절야영장,952.0,8,50,"전기시설,샤워실, 개수대,매점,축구장,족구장,농구장,놀이터,물놀이장",0
121,밀양사계절야영장,952.0,8,36,화장실+게수대+샤워실,0
122,밀양스쿨캠핑장,,65,260,"화장실,샤워실,개수대,간이수영장,",0
123,밀양아리랑 오토캠핑장,,200,800,"전기시설, 샤워실, 개수대, 족구장 2면,다목적구장 3면",0
124,밀양유원지야영장,,6,25,"전기시설,샤워실,개수대,야외수영장,매점,노래방",0
125,밀양유원지야영장,3201.0,6,28,화장실+게수대+샤워실,0
126,밀양표충오토캠핑장,,106,424,"전기시설, 샤워실, 개수대, 매점,수영장,취사장",0
127,밀양표충오토캠핑장,8497.0,70,280,화장실+게수대+샤워실,0
128,바다가 보이는 부산항 힐링 야영장,,24,96,"상하수도시설,화장실,샤워실",0
129,바다애오토캠핑장,1277.0,20,0,상수도+전기시설+화장실+샤워실+취사대,0
130,반딧불자연캠핑장,10156.0,15,60,샤워시설,0
131,방태산솔마루캠핑장,828.0,10,0,전기시설+상하수도시설+샤워실,0
132,백마강오토캠핑장,4860.0,30,120,상하수도시설+전기시설+화장실+취사시설+샤워실,0
133,백마강오토캠핑장,4860.0,28,120,상하수도시설+전기시설+카라반,0
134,백운산 자연휴양림 자동차야영장,9028.0,27,108,상하수도시설+전기시설+화장실,0
135,뱀사골자동차야영장,6397.0,50,200,샤워장+음수대+화장실,0
136,벌곡오토캠핑장,3100.0,35,100,상하수도시설+전기시설+화장실+샤워실,0
137,벌곡오토캠핑장,3100.0,35,100,상하수도+전기+화장실,0
138,범도오토캠핑장,6463.0,40,160,화장실+게수대+샤워실,0
139,범도오토캠핑장(총무),,40,160,"전기시설,샤워실,개수대, 실내놀이터, 매점,관리실",0
140,벨리타캠핑장,5562.0,26,100,상하수도+전기+화장실+취사실+샤워실,0
141,별고을 오토캠핑장,5300.0,10,100,화장실+샤워실+개수대,0
142,별나무캠핑장,9796.0,47,150,"화장실, 샤워실",0
143,별마로빌리지캠핑장,938.0,10,40,"화장실, 샤워실, 개수대",0
144,별빛야영장,5233.0,30,1,"상하수도, 전기, 화장실, 취사, 샤워실",0
145,봉강 하조 오토캠핑장,5002.0,35,200,상하수도시설+전기시설+화장실+샤워실,0
146,봉수대오토캠핑장,18703.0,84,380,샤워장+급수대,0
147,부례관광지,3071.0,18,60,"화장실, 취사실, 샤워실",0
148,비발디 캠핑파크,4415.0,57,20,화장실+취사시설+,0
149,비토섬오토캠핑장,,9,80,"전기시설, 화장실, 공동바비큐실",0
150,쁘띠 힐링 카라반,1762.0,7,50,화장실+취사시설+,0
151,사계절오토캠핑장,2960.0,37,148,화장실+취사장+샤워장,0
152,산내로하스캠핑장,102.0,29,174,샤워장+화장실+취사실 등,0
153,산들바다관광농원,,37,148,"화장실, 샤워실, 취사장",0
154,산디마을오토캠핑장,3868.0,17,70,"매점, 샤워부스, 개수대",0
155,산림청 국립자연휴양림관리소,4432.0,22,132,전기시설+상하수도+샤워시설+취사장+샤워장+화장실,0
156,산사랑 글램핑,4654.0,18,72,화장실+취사장+샤워장,0
157,산여울캠핑장,7693.0,36,144,"화장실, 샤워실, 개수대",0
158,산울림관광농웜,9835.0,50,200,화장실 개수대 샤워장,0
159,산정레이크RV리조트,,21,84,"화장실, 샤워실, 매점",0
160,삼락오토캠핑장,53200.0,112,600,"화장실,샤워장,개수장",0
161,삼봉자동차야영장,22000.0,25,100,하수도시설,0
162,삼봉자동차야영장,22000.0,25,100,하수도시설,0
163,삼장다목적캠핑장,,79,316,"화장실, 취사장",0
164,상황오토캠핑장,10230.0,41,164,전기시설+가스시설+야외물놀이장+족구장+파고라,0
165,상황오토캠핑장,10230.0,41,30,전기시설+가스시설+야외물놀이장+족구장+파고라,0
166,서건도카라반,,15,60,관리동. 휴게음식점,0
167,서귀포호텔 카라반 캠핑장,,20,80,관리동,0
168,서울YMCA다락원캠프장,4602.0,20,80,샤워장+개수대+화장실,0
169,서정온천오토캠핑장,12227.0,79,116,전기시설+상하수도시설+샤워실,0
170,서포리 관광지 오토캠핑장,6450.3,47,200,전기시설+상하수도시설+샤워실,0
171,선재자동차야영장,5815.0,48,48,전기시설+상하수도시설+샤워실,0
172,선진캠핑,,10,30,"전기시설, 상하수도시설, 화장실, 샤워실",0
173,섬진강 향가오토캠핑장,25313.0,37,148,화장실+취사시설+샤워실,0
174,성남가족캠핑숲,5733.0,32,192,전기시설+상하수도시설+샤워실+식기세척장+화장실,0
175,소금강마을에코센터 오토캠핑장,7450.0,20,60,전기시설+상하수도시설+샤워장,0
176,소금강자동차야영장,31140.0,174,696,전기시설+상하수도시설,0
177,소나무농원 캠핑장,,11,44,"화장실, 샤워실, 매점",0
178,소리길 오토캠핑장,9965.0,48,180,전기시설+상하수도시설,0
179,소망캠핑장,5184.0,30,100,"화장실,취사장,샤워실",0
180,소백산오토캠핑장,2133.0,17,68,샤워시설,0
181,소백산자락길캠핑장,12682.0,20,80,샤워시설,0
182,소선암오토캠핑장,19649.0,73,292,샤워시설,0
183,솔담길오토캠핑장,10668.0,30,140,카라반+주차장+관리실,0
184,솔바람오토캠핑장,,30,120,"화장실,샤워실,개수대,매점,수영장",0
185,솔바람오토캠핑장,2893.0,15,60,화장실+게수대+샤워실,0
186,솔섬오토캠핑장,,30,128,"전기시설, 화장실, 공동바비큐실",0
187,송지호오토캠핑장,40370.0,100,400,샤워장+급수대,0
188,쇠소깍오토파크,,12,48,관리동,0
189,수승대 오토캠핑장,3599.0,15,60,"전기시설, 상하수도시설,샤워실",0
190,수예리오토캠핑장,4785.0,14,70,상하수도시설+ 전기시설+ 화장실+ 샤워실,0
191,순천 국민여가캠핑장,4465.0,25,100,"샤워실, 취사시설, 화장실 등",0
192,숲속의야영장,29476.0,56,280,화장실 개수대 샤워장,0
193,숲속캠핑장,3775.0,10,40,"샤워장, 음수대",0
194,슬로우캠프,1981.0,9,36,"화장실, 샤워실, 개수대",0
195,신안우전설레미캠핑장,132.06,18,72,화장실+취사시설,0
196,씨사이드힐캠핑장,3075.0,20,50,상수도+전기시설+화장실+취사시설+샤워실,0
197,아날로그데이,3017.0,8,50,편의점+주차장,0
198,아르보리아파크 캠핑장,4376.0,6,30,상수도+전기시설+화장실+취사시설+샤워실,0
199,아름다운 캠프,6234.0,15,41,전기시설+상하수도시설+샤워실+화장실,0
200,아빠의 캠프,2700.0,15,60,화장실+샤워실+취사시설,0
201,아산글램핑캠핑장,7728.0,21,124,취사장+샤워실+전기+상하수도,0
202,아산글램핑캠핑장,,21,124,취사장+샤워실+전기+상하수도,0
203,아이비오토캠핑장,,21,84,"화장실,샤워실,매점,간이수영장",0
204,아이비오토캠핑장,2145.0,21,84,화장실+게수대+샤워실,0
205,아트 앤 체험캠프,14071.0,45,180,"화장실, 샤워실, 취사장",0
206,아트앤체험캠프,14071.0,45,180,"화장실, 샤워실, 취사장",0
207,알프스농원 캠핑장,,26,104,"화장실, 샤워실, 매점",0
208,약수골캠프촌 오토캠핑장,,17,90,"상하수도시설, 전기시설, 화장실, 취사시설, 카라반, 관리실, 해먹설치대",0
209,양산숲오토캠핑장,3500.0,15,60,화장실+공동취사장,0
210,양양 고인돌 오토캠핑장,8330.0,59,210,화장실1+샤워실1,0
211,양양죽도오토캠핑장,5048.0,18,48,화장실1+샤워실1,0
212,양주감악산캠핑장,8317.0,25,60,전기시설+상하수도시설+샤워실+화장실,0
213,양평꿈의마을오토캠핑장,9261.0,34,136,화장실 개수대 샤워장,0
214,어라운드폴리캠프,,17,68,관리동 등,0
215,어섬캠핑장,3444.0,6,36,전기시설+샤워실+화장실+가스시설,0
216,엄마랑 놀자 키즈글램핑,,1,120,"전기시설,샤워실,관리동,미니축구장,오락실,수영장,자전거놀이터,글램핑29",0
217,여울소리,2705.0,7,28,"화장실, 샤워실, 개수대",0
218,여주 카라반 체험장,4917.0,12,20,화장실+전기시설+샤워실+상하수도 시설,0
219,여주산촌관광농원,3618.0,20,80,화장실+전기시설+샤워실+상하수도 시설,0
220,연개소문관광농원캠핑,1000.0,6,24,상수도+전기시설+화장실+취사시설+샤워실,0
221,연곡해변 솔향기캠핑장,33107.0,137,712,전기시설+상하수도시설+샤워장,0
222,연산황산벌 오토캠핑장,3963.0,13,60,상하수도시설+전기시설+화장실+취사시설+샤워실,0
223,연산황산벌 오토캠핑장,3963.0,13,60,상하수도+전기+화장실,0
224,연천재인폭포오토캠핑장,2056.0,8,500,전기시설+상하수도시설+샤워실,0
225,연화산 반딧불이 캠핑장,8928.0,40,160,"화장실, 샤워실, 취사장",0
226,연화산반딧불이캠핑장,8928.0,40,160,"화장실, 샤워실, 취사장",0
227,영덕고래불국민야영장,72002.0,123,500,취사시설+샤워장,0
228,영오캠핑장,,23,92,"화장실, 샤워실, 취사장",0
229,영월 동강오토캠핑장,9505.0,34,136,"화장실, 샤워실, 개수대",0
230,영월 외룡 캠핑장,2400.0,38,152,"화장실, 샤워실, 개수대",0
231,영월약수터 오토캠핑장,4672.0,40,160,"화장실, 샤워실, 개수대",0
232,영천시공예촌캠핑체험장,18681.0,35,1,"상하수도, 전기, 화장실, 취사, 샤워실",0
233,예당관광지국민여가캠핑장,6797.0,27,108,상하수도시설+전기시설+화장실+취사시설+샤워실,0
234,예당관광지국민여가캠핑장,6797.0,27,108,상하수도시설+전기시설+화장실+취사시설+샤워실,0
235,예마을 캠핑장,1155.0,1,35,"화장실, 취사장",0
236,오고집 글램핑,1704.0,10,20,화장실+취사시설+,0
237,오름새,5020.0,15,20,화장실+전기시설+샤워실+상하수도 시설,0
238,옥화자연휴양림 국민여가오토캠핑장,12500.0,40,300,관리실+화장실+샤워실+개수대,0
239,와글와글캠핑스토리 캠프산음,2068.0,14,56,화장실 개수대 샤워장,0
240,와룡자연휴양림자동차야영장,2800.0,18,180,"상하수도, 전기시설, 화장실, 취사시설, 샤워실",0
241,왕피천관광농원,4074.0,10,50,"상하수도,전기,화장실,샤워장",0
242,요카카오토캠핑장,,15,60,"샤워실, 개수대, 매점, 화장실, 물놀이장",0
243,용추그린캠프,,32,128,-,0
244,용추밸리 캠프야영장,,26,104,-,0
245,웅진오토캠핑장,29023.0,4,16,화장실+취사장+샤워장,0
246,원앙캠핑장,,6,24,관리동. 편의점 등,0
247,월성오토캠핑장,985.0,6,24,"전기시설, 상하수도시설,샤워실",0
248,위정캠핑장,8700.0,50,160,취사장+샤워시설,0
249,위천수변테마파크,7610.0,38,150,주차장+관리실,0
250,유토피아 오토캠핑장,12367.0,31,128,상하수도시설+전기시설+화장실+취사시설+샤워실,0
251,은빛초원캠핑장,2567.0,20,50,전기시설+샤워실+화장실+휴대용가스렌지+매점,0
252,은해로운 캠핑장,9020.0,14,1,"상하수도, 전기, 화장실, 취사, 샤워실",0
253,이포보 오토 캠핑장,35262.0,75,180,화장실+전기시설+샤워실+상하수도 시설,0
254,인제 아리캠핑장,2036.0,11,0,전기시설+상하수도시설+샤워실,0
255,인제 연가리 오토캠핑장 펜션,4400.0,25,0,전기시설+상하수도시설+샤워실,0
256,인제나르샤파크 캠핑장,2192.9,12,0,전기시설+상하수도시설+샤워실,0
257,임진강리조트,3511.0,15,60,전기시설+하수도시설+샤워실,0
258,입화산참살이숲 야영장,,50,200,테크로드+전망대+방문자 안내소+취사장+화장실+음수대+샤워장,0
259,입화산참살이숲 야영장,,50,200,테크로드+전망대+방문자 안내소+취사장+화장실+음수대+샤워장,0
260,자라섬캠핑장,268530.0,334,1336,전기시설+상하수도시설+샤워실+화장실,0
261,자바카라반,2225.0,15,60,전기시설+상하수도시설+샤워실,0
262,자연과우리펜션야영장,250.0,5,25,화장실1+샤워실1,0
263,자연속캠핑장,,15,100,"전기시설,가족목욕탕, 간이수영장",0
264,자연속캠핑장,1869.0,15,60,화장실+게수대+샤워실,0
265,자유랜드,3576.0,18,72,전기시설+상하수도시설+화장실+샤워실,0
266,작은바람언덕,,2,8,관리동(주택),0
267,작천정별빛야영장,44480.0,65,258,전기시설+화장실+취사시설+샤워실,0
268,작천정별빛야영장,44480.0,65,258,전기시설+화장실+취사시설+샤워실,0
269,장수누리파크오토캠핑장,2767.0,19,76,"상하수도, 전기시설, 화장실, 취사시설, 샤워실",0
270,장수방화동가족휴가촌자동차야영장,11130.0,65,260,"상하수도, 전기시설, 화장실, 취사시설, 샤워실",0
271,장좌리캠핑장,4101.0,24,96,"화장실, 샤워실, 취사장",0
272,장태산자연휴양림 캠핑장,4237.0,20,100,"상.하수도시설, 전기시설, 화장실, 취사시설,샤워실",0
273,장태산자연휴양림캠핑장,4237.0,20,100,전기기설+상하수도시설+취사사설+샤워실+화장실,0
274,장터추어탕캠핑장,7179.0,20,80,화장실+취사장+샤워장,0
275,전원일기마을 오토 캠핑장,6650.0,30,160,전기시설+상하수도시설+샤워실+화장실,0
276,전주도란도란캠핑장,2512.0,10,30,전기시설+상하수도시설+샤워실,0
277,정읍시 내장산국민여가캠핑장,30295.0,82,480,화장실+취사장+샤워장,0
278,정읍시 섬진강 캠핑장,1688.0,13,52,샤워장+화장실+취사실 등,0
279,제일관광캠핑장,,5,20,전기시설+하수도시설+개수대,0
280,제주도캠핑카라반,1850.0,13,52,상하수도+전기+화장실+취사실+샤워실,0
281,제주캠핑카라반,,15,60,관리동. 공동화장실,0
282,제주파인비치 카라반,,6,24,관리동. 화장실,0
283,제주플래티늄카라반,1374.0,11,38,상하수도+전기+화장실+취사실+샤워실,0
284,제주할리데이,2700.0,14,45,상하수도+전기+화장실+취사실+샤워실,0
285,좌구산 오토캠핑장,18000.0,11,80,"화장실, 휴게정자, 샤워실 등",0
286,㈜농업법인 한국영농 오토캠핑장,4894.0,15,60,관리실+화장실+샤워실+개수대,0
287,주문진글렘핑오토캠핑장,4990.0,30,70,전기시설+상하수도시설,0
288,㈜밀모빨강치마자동차야영장,57131.0,11,40,화장실취사장,0
289,주식회사 제이에스글로벌,890.0,1,55,상하수도시설+전기시설+화장실+취사시설+샤워실,0
290,주식회사 제이에스글로벌,890.0,1,55,상하수도시설+전기시설+화장실+취사시설+샤워실,0
291,주암오토캠핑장,7545.0,40,160,"샤워장, 개수대, 화장실 등",0
292,㈜오리장림관광농원자동차야영장,2260.0,7,1,"상하수도, 전기, 화장실, 취사, 샤워실",0
293,㈜자연에너지 드림랜드 오토캠핑장,5000.0,113,1,"상하수도, 전기, 화장실, 취사, 샤워실",0
294,㈜청보리,3190.0,38,150,샤워실+화장실+취사시설,0
295,지경국민여가캠핑장,4900.0,16,100,화장실1+샤워실1,0
296,지리산 대경캠핑장,,30,120,"화장실,샤워실,취사장",0
297,지리산반내골오토캠핑장,2229.0,30,120,"샤워장, 음수대",0
298,지리산오토캠핑장,10989.0,20,80,"샤워장, 음수대, 족구장",0
299,창원시 달천공원 오토캠핑장,5170.0,31,140,상하수도시설+전기시설+화장실+취사시설+샤워실,0
300,창원시 달천공원 오토캠핑장,5170.0,31,140,상하수도시설+전기시설+화장실+취사시설+샤워실,0
301,천동오토캠핑장(상),4339.0,21,84,샤워시설,0
302,천등산캠핑장,,54,216,"화장실, 샤워실, 개수대, 매점",0
303,철원 평화마을 서울캠핑장,,26,104,"하수도, 전기, 화장실, 개수대, 샤워실",0
304,철원가산농원캠핑장,,68,500,"하수도, 전기, 화장실, 개수대, 샤워실",0
305,청도 힐링 오토캠핑장,7417.0,42,168,화장실+샤워실+취사시설,0
306,청도신화랑풍류마을 오토캠핑장,5565.0,42,150,화장실+샤워실+취사시설,0
307,청도프로방스불빛축제카라반펜션,1113.0,4,16,화장실+샤워실+취사시설,0
308,청산관광농원(트리독스),2484.0,11,30,"화장실, 샤워실",0
309,청암산오토캠핑장,26866.0,57,364,샤워부스+개수대+남자화장실+여자화장실+화로대+전기시설,0
310,청평힐리조트,9438.0,23,92,전기시설+상하수도시설+샤워실+화장실,0
311,초록슈피아캠핑장,,17,120,"화장실,샤워실,개수대,매점",0
312,초록슈피아캠핑장,1828.0,17,68,화장실+게수대+샤워실,0
313,추암오토캠핑장,7000.0,20,32,전기시설+상하수도시설+샤워실+화장실,0
314,추암오토캠핑장,7000.0,20,32,전기시설+상하수도시설+샤워실+화장실,0
315,춘장대오토캠핑장,4950.0,30,120,전기시설+상하수도+샤워시설+취사장+샤워장+화장실,0
316,춘장대오토캠핑장,4950.0,30,120,전기시설+상하수도시설+취사장+화장실+샤워장,0
317,춘장대오토캠핑장,4950.0,30,120,전기시설+상하수도시설+취사장+화장실+샤워장,0
318,춘장대오토캠핑장,4950.0,30,120,전기시설+상하수도시설+취사장+화장실+샤워장,0
319,충북대학교 천문대 천문 체험학교,2731.0,18,72,"화장실,샤워실",0
320,충주반딧불오토캠핑장,,60,240,"화장실, 개수대, 샤워실, 매점, 족구장",0
321,충주호캠핑장,,55,220,"화장실, 샤워실, 개수대, 매점",0
322,충효테마관광농원야영장,29762.0,35,140,"화장실, 샤워실, 취사장",0
323,충효테마관광농원야영장,29762.0,31,124,"화장실, 샤워실, 취사장",0
324,치산관광지 캠핑장,20000.0,28,1,"상하수도, 전기, 화장실, 취사, 샤워실",0
325,칠갑산오토캠핑장,,75,375,놀이터,0
326,칠갑산오토캠핑장,,75,375,취사시설2+샤워실2+화장실2,0
327,칠곡보오토캠핑장,30000.0,99,396,전기시설+상하수도시설+화장실+샤워장,0
328,캠파제주,,8,32,샤워실. 화장실. 카페 등,0
329,캠프아이엔지,5253.0,28,100,화장실 등,0
330,캠프원 관광농원,39310.0,217,868,화장실+샤워실+취사시설,0
331,캠핑 뜨락 오토캠핑장,5873.0,21,80,전기시설+상하수도시설+샤워실,0
332,캠핑스타,6600.0,28,76,상하수도+전기+화장실+취사실+샤워실,0
333,캠핑파크,6917.0,8,60,전기시설+하수도시설+샤워실+개수대+물놀이놀이터+다목적구장+잔디광장+매점+피자+쿠키체험,0
334,캠핑파크,6917.0,8,60,전기시설+하수도시설+샤워실+개수대+물놀이놀이터+다목적구장+잔디광장+매점+피자+쿠키체험,0
335,코끼리 관광농원,2209.0,19,60,"화장실, 샤워실",0
336,큐브존 캠핑장,10508.0,19,76,"화장실, 샤워실, 개수대",0
337,클럽레드존캠핑장,8696.0,16,64,전기시설+상하수도시설+샤워실+화장실,0
338,클럽레스피아in삽교바다공원,,10,30,전기시설+상하수도시설+화장실+샤워실,0
339,태안라온캠핑장,4996.0,31,44,전기시설+하수도시설,0
340,태안라온캠핑장,4996.0,31,44,전기시설+하수도시설,0
341,태안별빛오토캠핑장,18306.0,60,52,전기시설+하수도시설,0
342,태안별빛오토캠핑장,18306.0,60,52,전기시설+하수도시설,0
343,테하스랜드,2400.0,12,48,상하수도+전기+화장실,0
344,테하스랜드 글램핑장,2400.0,12,60,상하수도시설+전기시설+화장실+취사시설+샤워실,0
345,토토큰바위 야영장,5744.0,25,100,전기시설+상하수도시설+샤워실+화장실,0
346,통영오토캠핑장,7359.0,14,96,카라반+샤워실+화장실+취사시설,0
347,통영오토캠핑장,,24,100,"개수대,샤워실,화장실",0
348,통제영오토캠핑장,4973.0,31,124,샤워실+화장실+취사시설,0
349,파인힐 빌리지 캠핑장,4762.0,11,80,상하수도시설+전기시설+화장실+취사시설+샤워실,0
350,팔공SS오토캠핑장,7440.0,38,100,주차장,0
351,팔영산야영장,,62,250,화장실+취사장+전기시설,0
352,팜핑제주,,7,28,관리동,0
353,패미리오토캠핑장,,40,160,"전기시설,샤워실,개수대,매점",0
354,패미리오토캠핑장,5836.0,40,160,화장실+게수대+샤워실,0
355,페리오오토캠핑장,583.0,2,20,"상하수도,전기,화장실,취사시설,샤워실",0
356,평화강변 수목캠핑장,24806.0,74,296,전기시설+상하수도시설+샤워실,0
357,평화누리캠핑장,,150,0,전기시설+하수도시설+샤워실,0
358,포시즌오토캠핑장,,30,120,"화장실, 샤워실, 매점",0
359,포천 비둘기낭 캠핑장,,79,316,"화장실, 샤워실, 매점",0
360,폴리파크카라반,2100.0,4,16,하수도+전기+화장실+취사실+샤워실,0
361,푸른바다와 캠핑,2466.0,17,68,샤워실+화장실+취사시설,0
362,피아골오토캠핑장,16423.0,40,200,"샤워장, 음수대, 족구장",0
363,하늘아래첫동네캠핑장,2251.0,24,96,전기시설+상하수도시설+샤워실,0
364,하동군다목적캠핑장,,30,200,모빌홈 3 + 카라반 6 + 샤워실 등,0
365,학교가자캠핑장,15231.0,11,250,전기시설+상하수도시설+샤워실+화장실+취사실,0
366,학동자동차아영장,,174,600,"화장실, 개수대, 샤워실",0
367,학동자동차야영장아영장,26619.0,174,600,"화장실, 개수대, 샤워실",0
368,학암포자동차야영장,27451.0,100,400,전기시설+하수도시설,0
369,학암포자동차야영장,27451.0,100,400,전기시설+하수도시설,0
370,한송오토캠핑장,6417.0,25,100,전기시설+상하수도시설+샤워실+화장실,0
371,한스캠핑장,7497.0,59,172,화장실+취사장+샤워장,0
372,한울오토캠핑장,21500.0,62,248,화장실+취사장+샤워장,0
373,한탄강관광지오토캠핑장,3716.0,1,640,전기시설+상하수도시설+샤워실,0
374,한터팜오토캠핑장,,30,120,전기시설+하수도시설+개수대,0
375,한티별빛아래관광농원야영장,9971.0,42,168,전기시설+상하수도+화장실+샤워장,0
376,함양용추오토캠핑장,,35,140,-,0
377,합천 아마존 오토캠핑장,8302.0,18,72,전기시설+상하수도시설,0
378,합천라온오토캠핑장,4907.0,17,90,전기시설+상하수도시설,0
379,해마원오토캠핑장,,19,76,"취사시설, 샤워시설, 화장실, 어업체험시설",0
380,해창만 수변공원 오토캠핑장,,35,280,화장실+취사장+샤워장,0
381,햇솔 오토 캠핑장,6786.0,16,64,상수도+전기시설+화장실+취사시설+샤워실,0
382,향림오토캠핑장,,24,100,"전기시설,샤워실,개수대,화장실, 족구장",0
383,향림오토캠핑장,4015.0,16,64,화장실+게수대+샤워실,0
384,호반오토캠핑장,,87,420,"전기시설, 샤워실, 개수대,  족구장, 매점, 수영장",0
385,호반오토캠핑장,14050.0,87,348,화장실+게수대+샤워실,0
386,호호캠핑장,1686.0,12,48,화장실+취사장+샤워장,0
387,홍산관광농원,14533.0,20,80,상하수도시설+화장실+취사시설+샤워실,0
388,홍산관광농원,14533.0,29,80,상하수도시설+화장실+취사시설+샤워실,0
389,홍천강 오토캠핑장,31740.0,10,20,화장실+취사시설+,0
390,홍천강 자라바위 오토캠핑장,19235.0,53,200,화장실+취사시설+,0
391,홍천와캠핑,4995.0,25,100,화장실+취사시설+,0
392,화강 수변 오토 캠핑장,,72,288,"상수도, 전기, 화장실, 개수대, 샤워실",0
393,화명오토캠핑장,15657.0,30,150,"화장실,샤워장,개수장",0
394,화성시 향남오토캠핑장,14649.0,43,268,전기시설+샤워실+화장실+조리대,0
395,황매산국민여가캠핑장,20330.0,97,1000,전기시설+상하수도시설,0
396,황산 캠핑장,35000.0,115,400,상하수도+ 전기+ 화장실+ 취사시설+ 샤워실,0
397,황산 캠핑장,35000.0,115,400,상하수도+ 전기+ 화장실+ 취사시설+ 샤워실,0
398,황산벌캠핑펜션,12367.0,31,128,상하수도+전기+화장실,0
399,횡성 산울림오토캠핑장,17841.0,10,40,"화장실, 샤워실, 개수대",0
400,휴파크,6383.0,20,50,전기시설+상하수도시설+샤워실+화장실+취사실,0
401,희리산자연휴양림야영장,4432.0,22,132,전기시설+상하수도시설+취사장+화장실+샤워장,0
402,희리산자연휴양림야영장,4432.0,22,132,전기시설+상하수도시설+취사장+화장실+샤워장,0
403,희리산자연휴양림야영장,4432.0,22,132,전기시설+상하수도시설+취사장+화장실+샤워장,0
404,힐빙스토리자동차야영장,,29,116,-,0
